Date,MaxTemp,MinTemp,MeanTemp,MaxGust,UVIndex,Condition,TotalPrecip
2005-08-01,27.4,12.7,20.1,,,1,4.6
2005-08-02,32.3,10.6,21.5,,,1,0
2005-08-03,33.6,13.6,23.6,,,1,0.8
2005-08-04,30.7,12.9,21.8,,,1,2.2
2005-08-05,26.5,9.7,18.1,,,1,0
2005-08-06,27.4,6,16.7,,,1,0
2005-08-07,29.4,4.1,16.8,,,1,0
2005-08-08,30.6,8.1,19.4,,,1,0
2005-08-09,31.3,11.2,21.3,,,1,0
2005-08-10,24.8,16,20.4,,,1,7
2005-08-11,26.1,12.4,19.3,,,1,0
2005-08-12,20.9,11.3,16.1,,,1,4
2005-08-13,25.1,15.1,20.1,,,1,0
2005-08-14,26.6,10.5,18.6,,,1,0
2005-08-15,27.6,6.9,17.3,,,1,0
2005-08-16,26.1,4.5,15.3,,,1,0
2005-08-17,22,4.9,13.5,,,1,0
2005-08-18,21.2,4,12.6,,,1,0
2005-08-19,18.4,10.7,14.6,,,1,23
2005-08-20,20.3,15.9,18.1,,,1,0.4
2005-08-21,23.4,12.6,18,,,2,12.4
2005-08-22,18.7,7.3,13,,,2,0
2005-08-23,21.3,4.5,12.9,,,2,0
2005-08-24,23.9,2,13,,,2,0
2005-08-25,26,3.6,14.8,,,2,0
2005-08-26,27.3,7.1,17.2,,,3,0
2005-08-27,26.1,6.5,16.3,,,3,6.4
2005-08-28,26.9,14.8,20.9,,,3,0.4
2005-08-29,26.3,11.1,18.7,,,3,4.4
2005-08-30,26.1,14.2,20.2,,,3,4.4
2005-08-31,20.9,10.7,15.8,,,3,5.4
2005-09-01,24.5,9.5,17,,,3,0.2
2005-09-02,21.2,7.7,14.5,,,4,0.4
2005-09-03,22,5.9,14,,,4,3.2
2005-09-04,19.9,3.7,11.8,,,4,0.2
2005-09-05,23.8,1.1,12.5,,,4,0
2005-09-06,25.8,3.8,14.8,,,4,0
2005-09-07,26.9,7.4,17.2,,,4,0
2005-09-08,23.1,5.6,14.4,,,4,0.8
2005-09-09,20.4,1.9,11.2,,,4,0
2005-09-10,22.1,-0.4,10.9,,,4,0
2005-09-11,26.5,4.9,15.7,,,4,0
2005-09-12,30.9,13.2,22.1,,,5,0
2005-09-13,29.8,11.3,20.6,,,5,0
2005-09-14,26.5,13.3,19.9,,,5,1.4
2005-09-15,22.5,9.9,16.2,,,5,0.2
2005-09-16,16.9,8.5,12.7,,,5,2.4
2005-09-17,22.9,4.4,13.7,,,5,0.2
2005-09-18,24.9,1.1,13,,,5,0
2005-09-19,23.9,6,15,,,5,0.4
2005-09-20,20.2,6.5,13.4,,,5,0
2005-09-21,25.8,4.9,15.4,,,5,0
2005-09-22,22.4,11.3,16.9,,,5,5.2
2005-09-23,15.8,-1.4,7.2,,,6,0
2005-09-24,18.3,-2.4,8,,,6,0
2005-09-25,19.8,6.1,13,,,6,28.4
2005-09-26,17.7,5,11.4,,,6,12
2005-09-27,19.2,-0.3,9.5,,,6,0
2005-09-28,19.7,0,9.9,,,6,0
2005-09-29,16,-1.8,7.1,,,6,31
2005-09-30,15.1,-1.7,6.7,,,6,0
2005-10-01,22.7,3.4,13.1,,,6,0
2005-10-02,25.5,2.6,14.1,,,6,0
2005-10-03,23.9,4.6,14.3,,,7,0
2005-10-04,28.1,11.8,20,,,7,0
2005-10-05,27,9.9,18.5,,,7,0
2005-10-06,25.4,7.4,16.4,,,7,0
2005-10-07,11.5,2.7,7.1,,,7,0.8
2005-10-08,9.5,0,4.8,,,7,0
2005-10-09,14.4,-3.6,5.4,,,7,0
2005-10-10,12.2,8.2,10.2,,,7,0
2005-10-11,14.6,1,7.8,,,7,0
2005-10-12,12.2,1,6.6,,,7,0
2005-10-13,10.4,7.7,9.1,,,1,1.5
2005-10-14,18.8,8,13.4,,,1,0.2
2005-10-15,12.6,6.1,9.4,,,1,6.6
2005-10-16,8,4,6,,,1,0.6
2005-10-17,10.8,1.3,6.1,,,1,2.1
2005-10-18,9.8,4.1,7,,,1,2.6
2005-10-19,9.6,-0.7,4.5,,,1,4
2005-10-20,8.8,-5.2,1.8,,,1,0.2
2005-10-21,9,-7,1,,,1,0
2005-10-22,5.7,-5.9,-0.1,,,1,0
2005-10-23,6.8,2.2,4.5,,,1,0.8
2005-10-24,6.8,2.5,4.7,,,1,1.6
2005-10-25,5.1,2.8,4,,,1,0
2005-10-26,3.7,0.7,2.2,,,1,0.5
2005-10-27,4.3,-3.2,0.6,,,1,1.3
2005-10-28,5.6,-4.6,0.5,,,1,0.5
2005-10-29,11,-6.2,2.4,,,1,0
2005-10-30,15.6,-2.6,6.5,,,1,0
2005-10-31,9.7,3.8,6.8,,,1,0.5
2005-11-01,9.6,0.1,4.9,,,1,6.4
2005-11-02,7.7,-1.1,3.3,,,1,0
2005-11-03,13.6,1.3,7.5,,,1,0
2005-11-04,8.5,-1,3.8,,,1,0
2005-11-05,9.7,-0.7,4.5,,,1,0
2005-11-06,13.7,1.5,7.6,,,1,32.3
2005-11-07,8.7,1.3,5,,,1,3.2
2005-11-08,5.9,-4.9,0.5,,,1,0
2005-11-09,5.1,-5.7,-0.3,,,1,6.5
2005-11-10,2.4,-2.8,-0.2,,,1,0.9
2005-11-11,3.1,-7.5,-2.2,,,1,0
2005-11-12,12.4,-8.1,2.2,,,1,0
2005-11-13,13,-2,5.5,,,1,5
2005-11-14,5.4,-3.9,0.8,,,1,0.4
2005-11-15,0.4,-2,-0.8,,,1,15
2005-11-16,12.1,0,6.1,,,1,20.1
2005-11-17,0,-10.5,-5.3,,,1,5.9
2005-11-18,-4.3,-15.7,-10,,,1,0
2005-11-19,3.5,-4.3,-0.4,,,1,0
2005-11-20,3.9,-1.3,1.3,,,1,0.8
2005-11-21,3.7,0.4,2.1,,,1,1.4
2005-11-22,0.4,-11.2,-5.4,,,1,0.7
2005-11-23,-5.2,-18.3,-11.8,,,1,0
2005-11-24,-6,-23.5,-14.8,,,1,5.6
2005-11-25,-6.6,-19,-12.8,,,1,0.5
2005-11-26,-3,-9,-6,,,1,0
2005-11-27,0.2,-8.8,-4.3,,,1,2.1
2005-11-28,12.5,0,6.3,,,1,10
2005-11-29,14.5,2.5,8.5,,,1,29.4
2005-11-30,2.5,-0.7,0.9,,,1,0.7
2006-08-01,33.4,21.2,27.3,,,1,0
2006-08-02,27.6,17.8,22.7,,,1,46.7
2006-08-03,26.2,13.1,19.7,,,1,0.4
2006-08-04,27.4,9.9,18.7,,,1,0.4
2006-08-05,24.7,7.3,16,,,1,0
2006-08-06,26.6,10.4,18.5,,,1,0
2006-08-07,26.5,11.4,19,,,1,0
2006-08-08,22.9,6.8,14.9,,,1,0
2006-08-09,25,4.9,15,,,1,0
2006-08-10,22.1,6.9,14.5,,,1,0.6
2006-08-11,20,2.7,11.4,,,1,0
2006-08-12,21.7,1.3,11.5,,,1,0
2006-08-13,24.6,3.7,14.2,,,1,0
2006-08-14,22.6,7.9,15.3,,,1,0.3
2006-08-15,20.8,10.7,15.8,,,1,0
2006-08-16,23.7,8.1,15.9,,,1,0
2006-08-17,25.8,5.8,15.8,,,1,0
2006-08-18,28.2,10.2,19.2,,,1,0
2006-08-19,27,10.2,18.6,,,1,17.7
2006-08-20,18.2,6.3,12.3,,,1,12.7
2006-08-21,24.2,3.4,13.8,,,2,0
2006-08-22,23,7.9,15.5,,,2,0
2006-08-23,19.5,8.2,13.9,,,2,0.3
2006-08-24,20.1,8.6,14.4,,,2,0.3
2006-08-25,18.8,4.6,11.7,,,2,0
2006-08-26,22.1,1.3,11.7,,,3,1.5
2006-08-27,24.9,9.7,17.3,,,3,5.4
2006-08-28,23,6.5,14.8,,,3,0.3
2006-08-29,25,10.7,17.9,,,3,0
2006-08-30,18.3,3.3,10.8,,,3,0
2006-08-31,20.1,0.6,10.4,,,3,0
2006-09-01,22.2,1.9,12.1,,,3,0
2006-09-02,19.3,7.1,13.2,,,4,11.3
2006-09-03,13.2,10.1,11.7,,,4,7.6
2006-09-04,16.8,7.7,12.3,,,4,0.3
2006-09-05,23.2,6.2,14.7,,,4,0
2006-09-06,14.2,3.9,9.1,,,4,0.6
2006-09-07,21.6,1.1,11.4,,,4,0
2006-09-08,24.1,6.2,15.2,,,4,4.7
2006-09-09,12.9,1.4,7.2,,,4,0
2006-09-10,15.2,-1.6,6.8,,,4,0
2006-09-11,15.5,-1.8,6.9,,,4,0.7
2006-09-12,18.3,-1.8,8.3,,,5,0.3
2006-09-13,12.7,10.8,11.8,,,5,14.3
2006-09-14,14,11.7,12.9,,,5,0.3
2006-09-15,15.6,7,11.3,,,5,0
2006-09-16,23.5,4.9,14.2,,,5,0
2006-09-17,23.1,7.4,15.3,,,5,0
2006-09-18,21.8,12,16.9,,,5,25.4
2006-09-19,16.5,7.8,12.2,,,5,2.7
2006-09-20,9.5,-0.4,4.6,,,5,1.5
2006-09-21,14.7,-1,6.9,,,6,0.6
2006-09-22,14.9,0.3,7.6,,,6,0.3
2006-09-23,20.8,10.2,15.5,,,6,5.6
2006-09-24,16.8,2.4,9.6,,,6,14.4
2006-09-25,12.5,-1.4,5.6,,,6,2.1
2006-09-26,15.8,3.2,9.5,,,6,0.4
2006-09-27,20.8,0.1,10.5,,,6,12.3
2006-09-28,13.2,4,8.6,,,6,1.2
2006-09-29,9.9,-2,4,,,6,0
2006-09-30,12.7,-2.3,5.2,,,6,1
2006-10-01,13.2,3.1,8.2,,,7,0.7
2006-10-02,18.1,2.4,10.3,,,7,0.9
2006-10-03,21.3,6.9,14.1,,,7,0
2006-10-04,14.7,-1,6.9,,,7,9.6
2006-10-05,8.9,-3,3,,,7,0
2006-10-06,13,-4.9,4.1,,,7,0
2006-10-07,17.6,-4.2,6.7,,,7,0
2006-10-08,21.4,-2.5,9.5,,,7,0
2006-10-09,18.1,4.7,11.4,,,7,0
2006-10-10,9.7,1.4,5.6,,,7,0
2006-10-11,14.3,4.3,9.3,,,1,24.5
2006-10-12,13.4,-0.8,6.3,,,1,10.2
2006-10-13,5.5,-1.4,2.1,,,1,0
2006-10-14,6.8,-0.9,3,,,1,2.3
2006-10-15,6.9,-2.5,2.2,,,1,0.6
2006-10-16,13.6,-3.6,5,,,1,0
2006-10-17,10,4.4,7.2,,,1,19.2
2006-10-18,11.6,8.8,10.2,,,1,0
2006-10-19,11.7,2.8,7.3,,,1,4.6
2006-10-20,3,-0.4,1.3,,,1,0
2006-10-21,6.8,-3.3,1.8,,,1,0
2006-10-22,2.7,-2,0.4,,,1,8.5
2006-10-23,2.7,0.1,1.4,,,1,2.9
2006-10-24,3.7,0.3,2,,,1,1.5
2006-10-25,3.7,-0.8,1.5,,,1,1.2
2006-10-26,2.8,-1.7,0.6,,,1,0
2006-10-27,5.4,-1.6,1.9,,,1,4.8
2006-10-28,1.6,-0.1,0.8,,,1,17.3
2006-10-29,1.5,-0.4,0.6,,,1,2
2006-10-30,8.2,-2.8,2.7,,,1,0
2006-10-31,12.9,-2.8,5.1,,,1,0
2006-11-01,6.7,-4.1,1.3,,,1,0.3
2006-11-02,1.8,-3.5,-0.9,,,1,0
2006-11-03,2.5,-4,-0.8,,,1,0
2006-11-04,1.8,-3.2,-0.7,,,1,0
2006-11-05,4,-0.8,1.6,,,1,1.5
2006-11-06,12.6,-1.8,5.4,,,1,0
2006-11-07,13.2,-1.7,5.8,,,1,3.6
2006-11-08,8.6,6,7.3,,,1,2.6
2006-11-09,9.4,3.2,6.3,,,1,0.5
2006-11-10,7.1,2,4.6,,,1,0
2006-11-11,2.2,-1.5,0.4,,,1,11.8
2006-11-12,0.2,-2.8,-1.3,,,1,0
2006-11-13,2.1,0.1,1.1,,,1,0.7
2006-11-14,3.9,1.7,2.8,,,1,0
2006-11-15,4.5,-0.6,2,,,1,0
2006-11-16,12.5,1.1,6.8,,,1,29.5
2006-11-17,11.7,-0.5,5.6,,,1,2.3
2006-11-18,-0.2,-2.5,-1.4,,,1,0.3
2006-11-19,-2,-3.9,-3,,,1,0
2006-11-20,-3.1,-5.6,-4.4,,,1,0.6
2006-11-21,2.9,-9.8,-3.5,,,1,0
2006-11-22,7.6,-6,0.8,,,1,0
2006-11-23,10.8,-8.2,1.3,,,1,0
2006-11-24,7.1,-6.8,0.2,,,1,0
2006-11-25,12.6,-6.2,3.2,,,1,0
2006-11-26,10,-2.9,3.6,,,1,0
2006-11-27,5,0.2,2.6,,,1,3.1
2006-11-28,0.3,-0.8,-0.3,,,1,0.6
2006-11-29,13.5,-0.1,6.7,,,1,3.3
2006-11-30,13.7,-0.6,6.6,,,1,22.4
2007-08-01,31.4,12,21.7,30,,1,0.3
2007-08-02,31.7,14,22.9,30,,1,0.6
2007-08-03,28.9,12,20.5,37,,1,0
2007-08-04,24,7.3,15.7,30,,1,0.4
2007-08-05,25.9,4,15,30,,1,0
2007-08-06,27.6,13.3,20.5,30,,1,0.3
2007-08-07,27.7,14.8,21.3,30,,1,0
2007-08-08,26.2,9.8,18,30,,1,0
2007-08-09,21.8,6.7,14.3,30,,1,0.3
2007-08-10,26.6,8.3,17.5,30,,1,0
2007-08-11,29.5,7.5,18.5,30,,1,0.3
2007-08-12,26.5,10.8,18.7,32,,1,0.3
2007-08-13,24.1,7.4,15.8,32,,1,0.3
2007-08-14,24,3.1,13.6,30,,1,1
2007-08-15,23.4,10.8,17.1,30,,1,0
2007-08-16,25.3,8,16.7,32,,1,3.7
2007-08-17,19.6,3.2,11.4,33,,1,4.2
2007-08-18,16.6,4.6,10.6,30,,1,0
2007-08-19,19,2.9,11,30,,1,0.3
2007-08-20,18.8,1.6,10.2,30,,1,0.3
2007-08-21,23.2,0.9,12.1,30,,2,
2007-08-22,17.9,14.2,16.1,30,,2,0
2007-08-23,23.3,16.5,19.9,30,,2,13.9
2007-08-24,24.4,19.5,22,30,,2,24.2
2007-08-25,20.1,15.4,17.8,33,,2,19.9
2007-08-26,21.2,5.8,13.5,30,,3,0
2007-08-27,25,3.4,14.2,30,,3,0.8
2007-08-28,26.2,7.6,16.9,30,,3,0.3
2007-08-29,29,14.3,21.7,30,,3,8.4
2007-08-30,20.3,5.1,12.7,30,,3,0.7
2007-08-31,21.8,3.9,12.9,30,,3,0
2007-09-01,20.6,2.9,11.8,30,,3,0
2007-09-02,23.5,3,13.3,30,,4,0
2007-09-03,24.7,9.7,17.2,30,,4,0
2007-09-04,19.8,4.2,12,30,,4,
2007-09-05,17,2.3,9.7,30,,4,
2007-09-06,29.3,9.4,19.4,30,,4,
2007-09-07,28.4,16.8,22.6,,,4,
2007-09-08,19.9,5.5,12.7,30,,4,
2007-09-09,19.7,4.1,11.9,30,,4,
2007-09-10,16,6.3,11.2,30,,4,
2007-09-11,16.6,9.6,13.1,30,,4,
2007-09-12,15.7,7.3,11.5,30,,5,
2007-09-13,17.6,5.4,11.5,30,,5,
2007-09-14,24.6,3.8,14.2,35,,5,
2007-09-15,10.8,-0.2,5.3,30,,5,
2007-09-16,14,-0.6,6.7,30,,5,
2007-09-17,19,-1.1,9,30,,5,
2007-09-18,22.3,0.2,11.3,30,,5,
2007-09-19,26.4,4.6,15.5,30,,5,
2007-09-20,24.2,6.6,15.4,30,,5,
2007-09-21,25.2,5,15.1,30,,6,
2007-09-22,20.3,9,14.7,35,,6,
2007-09-23,22.1,3.4,12.8,30,,6,
2007-09-24,24.6,2.1,13.4,30,,6,
2007-09-25,26,9.5,17.8,32,,6,
2007-09-26,21.7,8,14.9,30,,6,
2007-09-27,18.4,6.3,12.4,30,,6,
2007-09-28,14.4,3.8,9.1,30,,6,
2007-09-29,15.6,3.3,9.5,30,,6,
2007-09-30,20.1,3.3,11.7,30,,6,
2007-10-01,23.4,5.5,14.5,30,,7,
2007-10-02,17.6,6.9,12.3,30,,7,
2007-10-03,21.5,4.1,12.8,30,,7,
2007-10-04,22.5,3.4,13,30,,7,
2007-10-05,25.9,2.9,14.4,30,,7,0
2007-10-06,19.7,10.6,15.2,30,,7,27
2007-10-07,14,7.5,10.8,30,,7,3.1
2007-10-08,20.6,9.4,15,30,,7,2.3
2007-10-09,11.9,6.4,9.2,30,,7,3.9
2007-10-10,10.7,5.7,8.2,30,,7,4.7
2007-10-11,9.9,2.7,6.3,30,,1,3
2007-10-12,5.9,-2.2,1.9,30,,1,0
2007-10-13,7.1,-2.2,2.5,,,1,4.1
2007-10-14,10.6,-1.2,4.7,30,,1,0
2007-10-15,8.8,-3.3,2.8,30,,1,0
2007-10-16,8.6,-4.2,2.2,30,,1,0
2007-10-17,15.6,0.9,8.3,30,,1,0.7
2007-10-18,16.3,6.8,11.6,30,,1,0
2007-10-19,18.5,10.6,14.6,37,,1,5.8
2007-10-20,12.9,5.7,9.3,30,,1,6
2007-10-21,21.9,3.5,12.7,32,,1,0
2007-10-22,23.7,4.7,14.2,,,1,0
2007-10-23,12.3,0.8,6.6,30,,1,
2007-10-24,10.9,0.8,5.9,,,1,1.3
2007-10-25,11.2,-2.6,4.3,30,,1,0
2007-10-26,15.8,-3.9,6,30,,1,3.6
2007-10-27,13.3,0.5,6.9,33,,1,10.2
2007-10-28,4.2,-6.1,-1,30,,1,1.5
2007-10-29,10.5,-6.2,2.2,32,,1,0
2007-10-30,12.8,-1.4,5.7,30,,1,0
2007-10-31,17.4,-1.3,8.1,41,,1,1.3
2007-11-01,7,-6,0.5,37,,1,0
2007-11-02,9,-7.4,0.8,30,,1,0
2007-11-03,11.1,-5.7,2.7,30,,1,0
2007-11-04,8.3,-3.1,2.6,30,,1,0
2007-11-05,8,-6.1,1,30,,1,12.4
2007-11-06,4,-1.5,1.3,30,,1,3.2
2007-11-07,-1.5,-9.7,-5.6,37,,1,0
2007-11-08,1.5,-10,-4.3,30,,1,0.6
2007-11-09,1.3,-5.2,-2,30,,1,1.2
2007-11-10,3.2,-9.3,-3.1,30,,1,0
2007-11-11,5.4,-10.6,-2.6,30,,1,0
2007-11-12,6.9,1.1,4,30,,1,3.9
2007-11-13,10,-1.8,4.1,30,,1,0
2007-11-14,10.9,-0.3,5.3,41,,1,0
2007-11-15,6,-2.3,1.9,30,,1,0.6
2007-11-16,-1.2,-5.5,-3.4,30,,1,0.6
2007-11-17,1.9,-10.5,-4.3,30,,1,0
2007-11-18,1.4,-13.6,-6.1,30,,1,0
2007-11-19,1.8,-14.9,-6.6,30,,1,2.6
2007-11-20,4.1,-0.5,1.8,30,,1,6.5
2007-11-21,0.7,-5,-2.2,30,,1,5.7
2007-11-22,-4.9,-10.1,-7.5,32,,1,9.1
2007-11-23,-7.1,-20.9,-14,30,,1,0.6
2007-11-24,-1.4,-20.9,-11.2,30,,1,0
2007-11-25,1.9,-1.4,0.3,30,,1,0
2007-11-26,2.5,-0.2,1.2,30,,1,
2007-11-27,0.4,-12.3,-6,30,,1,7.2
2007-11-28,-4.4,-21.5,-13,30,,1,1.2
2007-11-29,0.7,-8.5,-3.9,33,,1,7.4
2007-11-30,-4.1,-13.8,-9,43,,1,2.1
2008-08-01,25.6,11.6,18.6,30,,1,1.7
2008-08-02,22.2,13.2,17.7,30,,1,1.9
2008-08-03,22.3,12,17.2,30,,1,0
2008-08-04,25.5,10.2,17.9,30,,1,0
2008-08-05,27.1,11.3,19.2,30,,1,14.8
2008-08-06,26.6,14,20.3,30,,1,0
2008-08-07,22.8,10.9,16.9,30,,1,7
2008-08-08,17.7,7.5,12.6,30,,1,10
2008-08-09,16.9,7.1,12,30,,1,6.8
2008-08-10,20.9,10.1,15.5,30,,1,3.2
2008-08-11,22.4,8.9,15.7,30,,1,0
2008-08-12,21.4,8.1,14.8,30,,1,0
2008-08-13,22,8.9,15.5,30,,1,12.4
2008-08-14,22.5,5.8,14.2,30,,1,0
2008-08-15,22.6,7.4,15,30,,1,1
2008-08-16,24.1,8,16.1,30,,1,0
2008-08-17,25.4,11.9,18.7,30,,1,0
2008-08-18,26.9,9.6,18.3,33,,1,2.8
2008-08-19,18.2,4.4,11.3,30,,1,0
2008-08-20,22.1,3,12.6,30,,1,0
2008-08-21,26.1,5.4,15.8,30,,1,0
2008-08-22,29.2,7,18.1,30,,2,0
2008-08-23,28,13.9,21,30,,2,0
2008-08-24,26.8,13.6,20.2,30,,2,0
2008-08-25,19.3,3.5,11.4,30,,2,0
2008-08-26,22.4,1.1,11.8,30,,2,0
2008-08-27,24.6,3,13.8,30,,3,0
2008-08-28,26,10.6,18.3,30,,3,0
2008-08-29,19,14.5,16.8,30,,3,1.6
2008-08-30,24.7,8.5,16.6,30,,3,0
2008-08-31,25.2,6.4,15.8,30,,3,0
2008-09-01,28.4,5.4,16.9,30,,3,0
2008-09-02,29.6,7.2,18.4,30,,3,0
2008-09-03,28.6,8.2,18.4,30,,4,0.6
2008-09-04,21.6,10.1,15.9,30,,4,0
2008-09-05,23.3,13.8,18.6,41,,4,1.7
2008-09-06,18.1,5.4,11.8,30,,4,0
2008-09-07,13.4,3.5,8.5,30,,4,1.5
2008-09-08,18.9,6.2,12.6,32,,4,4.4
2008-09-09,16.3,0.6,8.5,30,,4,1.7
2008-09-10,18.1,-0.6,8.8,30,,4,0
2008-09-11,19.4,0.3,9.9,30,,4,0
2008-09-12,18.2,8.4,13.3,30,,4,2.8
2008-09-13,19.7,12.6,16.2,30,,5,0.7
2008-09-14,22.2,11.8,17,33,,5,42
2008-09-15,13,0.9,7,30,,5,2
2008-09-16,15.7,0.2,8,30,,5,0
2008-09-17,19.8,2.1,11,30,,5,0
2008-09-18,13,-1.6,5.7,30,,5,0
2008-09-19,18.3,-2.4,8,30,,5,0.6
2008-09-20,22.7,5.4,14.1,30,,5,0
2008-09-21,14.6,-1.4,6.6,30,,5,0
2008-09-22,16.8,-2.4,7.2,30,,5,0
2008-09-23,21.5,1.9,11.7,30,,6,0
2008-09-24,24.2,2.6,13.4,30,,6,0
2008-09-25,25,4,14.5,30,,6,0
2008-09-26,22,3.5,12.8,30,,6,0
2008-09-27,15.6,6.2,10.9,30,,6,1.5
2008-09-28,14.3,8.3,11.3,30,,6,0
2008-09-29,15.2,1.2,8.2,30,,6,0
2008-09-30,10.4,5.3,7.9,30,,6,
2008-10-01,9.1,4.6,6.9,30,,6,0
2008-10-02,10.1,-1.5,4.3,30,,6,0.6
2008-10-03,9.4,-2.7,3.4,33,,7,0
2008-10-04,10.5,-2,4.3,30,,7,
2008-10-05,10.7,-1.2,4.8,30,,7,0
2008-10-06,10.7,-3.5,3.6,30,,7,0
2008-10-07,15,-5.7,4.7,30,,7,0
2008-10-08,12.9,-2.7,5.1,30,,7,5.4
2008-10-09,17.2,3.6,10.4,35,,7,0
2008-10-10,16.1,-0.8,7.7,30,,7,0
2008-10-11,19.4,-1.1,9.2,30,,7,0
2008-10-12,23,1.3,12.2,30,,7,0
2008-10-13,24.6,7.1,15.9,30,,1,0
2008-10-14,18.4,0,9.2,39,,1,0
2008-10-15,11.7,-0.6,5.6,30,,1,0.6
2008-10-16,9.7,-2.4,3.7,30,,1,0
2008-10-17,8.9,-5.3,1.8,30,,1,0.6
2008-10-18,10.6,-5.4,2.6,30,,1,0
2008-10-19,11.8,-7.4,2.2,30,,1,0
2008-10-20,10.2,5.6,7.9,30,,1,6.6
2008-10-21,7.5,-2.2,2.7,33,,1,5.1
2008-10-22,1.7,-7.3,-2.8,30,,1,0
2008-10-23,8.3,-9.1,-0.4,30,,1,0
2008-10-24,9,-7.2,0.9,30,,1,0.6
2008-10-25,10.2,3.1,6.7,30,,1,6.7
2008-10-26,8.1,2.7,5.4,30,,1,5.1
2008-10-27,7.4,0.8,4.1,30,,1,7.1
2008-10-28,1.5,-2.4,-0.5,37,,1,0.6
2008-10-29,0,-4.4,-2.2,39,,1,0.7
2008-10-30,5.4,-8.3,-1.5,30,,1,0
2008-10-31,15.3,-1.2,7.1,30,,1,0
2008-11-01,4.2,-7.9,-1.9,30,,1,0
2008-11-02,4.5,-10.6,-3.1,30,,1,0
2008-11-03,5.7,-5.2,0.3,30,,1,1.5
2008-11-04,18.9,4,11.5,30,,1,0
2008-11-05,20,-0.7,9.7,30,,1,0
2008-11-06,20.4,-2,9.2,30,,1,0
2008-11-07,18.1,-3.1,7.5,30,,1,0.9
2008-11-08,10.7,0.3,5.5,30,,1,2.3
2008-11-09,5,-1.1,2,30,,1,0.6
2008-11-10,2.1,-2.2,-0.1,30,,1,1.7
2008-11-11,2.2,-8,-2.9,30,,1,0
2008-11-12,1.5,-9.2,-3.9,30,,1,0
2008-11-13,8.5,-0.3,4.1,30,,1,6.7
2008-11-14,12,7.2,9.6,30,,1,3
2008-11-15,7.2,-0.3,3.5,30,,1,19.1
2008-11-16,-0.3,-4.9,-2.6,,,1,7.7
2008-11-17,-3.4,-7.5,-5.5,,,1,4.5
2008-11-18,-4.8,-16.2,-10.5,,,1,0.6
2008-11-19,-4.8,-19.3,-12.1,30,,1,1.7
2008-11-20,-4.6,-14.4,-9.5,30,,1,0.6
2008-11-21,-8.1,-16.6,-12.4,30,,1,0.6
2008-11-22,-7.1,-20.5,-13.8,30,,1,0.6
2008-11-23,-3.7,-20.7,-12.2,30,,1,0
2008-11-24,0.8,-7.9,-3.6,30,,1,3.9
2008-11-25,0.1,-2.5,-1.2,30,,1,10.2
2008-11-26,-1.3,-5.2,-3.3,30,,1,7.7
2008-11-27,-1.2,-5.7,-3.5,30,,1,1.4
2008-11-28,0.3,-5.4,-2.6,30,,1,3.3
2008-11-29,-1.1,-15.2,-8.2,30,,1,0.6
2008-11-30,1.2,-13.1,-6,30,,1,4.6
2009-08-01,25.1,8.4,16.8,30,,1,0
2009-08-02,22.8,8.3,15.6,30,,1,0
2009-08-03,22.5,5.6,14.1,30,,1,0.6
2009-08-04,23.4,11,17.2,30,,1,1.3
2009-08-05,20.5,7.7,14.1,30,,1,0
2009-08-06,21.1,9.6,15.4,30,,1,1.8
2009-08-07,19.7,5.4,12.6,30,,1,0
2009-08-08,21.4,3.8,12.6,30,,1,0
2009-08-09,25.9,16.2,21.1,30,,1,2.9
2009-08-10,24.9,14.1,19.5,30,,1,0
2009-08-11,25.8,13,19.4,30,,1,0
2009-08-12,26.9,10.6,18.8,30,,1,0
2009-08-13,29.2,10.8,20,30,,1,0
2009-08-14,28.6,10.7,19.7,30,,1,0
2009-08-15,28.8,12,20.4,30,,1,0
2009-08-16,29.4,15.9,22.7,30,,1,0
2009-08-17,28.4,15.6,22,30,,1,0.9
2009-08-18,25.6,13.7,19.7,32,,1,0.6
2009-08-19,24.7,9.4,17.1,30,,1,0
2009-08-20,21.2,8.2,14.7,30,,1,28.5
2009-08-21,25.6,14.3,20,32,,1,0
2009-08-22,24.1,12.3,18.2,30,,1,0
2009-08-23,20.3,10.2,15.3,30,,1,0
2009-08-24,22.8,8.5,15.7,30,,1,0
2009-08-25,24.7,8.2,16.5,32,,1,0
2009-08-26,19.5,2.6,11.1,30,,2,0.6
2009-08-27,18.3,0.7,9.5,30,,2,0
2009-08-28,17.8,6.5,12.2,30,,2,0
2009-08-29,14.5,9.4,12,33,,2,15.8
2009-08-30,13.4,3.2,8.3,30,,2,2.7
2009-08-31,18,0.8,9.4,30,,3,0
2009-09-01,21.1,2,11.6,30,,3,0
2009-09-02,23.4,5.1,14.3,30,,3,0
2009-09-03,23.7,5.5,14.6,30,,3,0
2009-09-04,24.5,5.4,15,30,,3,0
2009-09-05,22.7,7.8,15.3,30,,3,0
2009-09-06,23.3,4.9,14.1,30,,3,0
2009-09-07,24.8,7.3,16.1,30,,4,0
2009-09-08,24.8,8.3,16.6,30,,4,0
2009-09-09,23.1,4.9,14,30,,4,0
2009-09-10,23.3,1.6,12.5,30,,4,0
2009-09-11,22.1,4.4,13.3,30,,4,0
2009-09-12,24.3,4.5,14.4,30,,4,0
2009-09-13,20.7,5.6,13.2,30,,4,0
2009-09-14,23,4.7,13.9,30,,4,2.1
2009-09-15,10.9,5.2,8.1,30,,4,0
2009-09-16,15,1,8,30,,4,0
2009-09-17,19.1,-1.1,9,30,,5,0
2009-09-18,13.9,-1,6.5,30,,5,1.8
2009-09-19,18.1,-2.9,7.6,30,,5,0
2009-09-20,22.1,-2,10.1,30,,5,0
2009-09-21,22,-0.6,10.7,30,,5,0.9
2009-09-22,24,14.2,19.1,30,,5,1.5
2009-09-23,22.7,8,15.4,30,,5,16.8
2009-09-24,17,4.3,10.7,30,,5,0
2009-09-25,13.6,-1.4,6.1,30,,5,0
2009-09-26,15.9,-2.2,6.9,30,,5,0
2009-09-27,16.5,9.7,13.1,30,,6,4.8
2009-09-28,13.2,5.8,9.5,30,,6,23.5
2009-09-29,11.7,2.7,7.2,43,,6,6.4
2009-09-30,5.7,0.7,3.2,30,,6,1.2
2009-10-01,5.8,0.9,3.4,30,,6,0.6
2009-10-02,10,2.2,6.1,30,,6,4.5
2009-10-03,16.3,3.8,10.1,33,,6,2.4
2009-10-04,13.3,4,8.7,30,,6,0.7
2009-10-05,13.7,4.5,9.1,30,,6,0.8
2009-10-06,10.4,5.8,8.1,30,,6,9.5
2009-10-07,9.9,3.3,6.6,30,,7,5.3
2009-10-08,15,-0.7,7.2,30,,7,0
2009-10-09,9.4,4.7,7.1,30,,7,9.2
2009-10-10,10.3,0.7,5.5,44,,7,3.7
2009-10-11,6.8,-3.4,1.7,33,,7,0
2009-10-12,5.2,-5.1,0.1,30,,7,1.3
2009-10-13,3.9,-0.5,1.7,30,,7,5.6
2009-10-14,2.6,-5.7,-1.6,30,,7,0
2009-10-15,4.4,-6.8,-1.2,30,,7,0
2009-10-16,4.8,-8.7,-2,30,,7,0
2009-10-17,6.6,-7.6,-0.5,30,,7,0
2009-10-18,8.4,-9.2,-0.4,30,,1,0
2009-10-19,12.4,-6.9,2.8,32,,1,0
2009-10-20,11.2,5.9,8.6,30,,1,0
2009-10-21,6.7,2.1,4.4,30,,1,7.1
2009-10-22,7.8,-1.4,3.2,30,,1,5.2
2009-10-23,1.4,-2.2,-0.4,33,,1,8.6
2009-10-24,12.1,1.2,6.7,39,,1,1.4
2009-10-25,8.5,-3.3,2.6,30,,1,0
2009-10-26,2.1,-2.7,-0.3,30,,1,4.8
2009-10-27,8.9,0.8,4.9,30,,1,1.4
2009-10-28,7.8,5.2,6.5,30,,1,0
2009-10-29,9.1,4.3,6.7,30,,1,0
2009-10-30,11.5,6.3,8.9,30,,1,11.3
2009-10-31,12.6,4.1,8.4,50,,1,10.6
2009-11-01,8.2,-3.5,2.4,30,,1,0.7
2009-11-02,8.1,-4.4,1.9,30,,1,1
2009-11-03,5.4,-3.4,1,30,,1,0
2009-11-04,2.8,-5.2,-1.2,30,,1,0.6
2009-11-05,2.1,-2.3,-0.1,32,,1,2
2009-11-06,1.2,-6.3,-2.6,30,,1,0
2009-11-07,12.3,-1.1,5.6,30,,1,0
2009-11-08,15.6,-1.8,6.9,30,,1,0
2009-11-09,15.9,-1.1,7.4,30,,1,0
2009-11-10,10.3,-4.8,2.8,30,,1,0
2009-11-11,9.1,-7.7,0.7,30,,1,0
2009-11-12,10.1,-9.8,0.2,30,,1,0
2009-11-13,13.3,-7.6,2.9,30,,1,0
2009-11-14,11.5,-3.3,4.1,30,,1,0
2009-11-15,10.2,1.7,6,30,,1,0
2009-11-16,7.5,-5.5,1,30,,1,0
2009-11-17,7,-8.1,-0.6,30,,1,0
2009-11-18,11.4,-9.9,0.8,30,,1,0
2009-11-19,4.7,-6.6,-1,30,,1,7.4
2009-11-20,5.8,0.4,3.1,30,,1,33.2
2009-11-21,6,0.3,3.2,30,,1,0
2009-11-22,6.1,-4.8,0.7,30,,1,0
2009-11-23,4.4,-2.9,0.8,30,,1,0
2009-11-24,3.4,-1.5,1,30,,1,1.4
2009-11-25,7.9,2.4,5.2,30,,1,6.6
2009-11-26,,4.3,,30,,1,
2009-11-27,2.1,-0.4,0.9,30,,1,4.1
2009-11-28,1.9,-0.8,0.6,30,,1,0
2009-11-29,,-1.5,,30,,1,4.2
2009-11-30,-0.7,-4.5,-2.6,30,,1,1.3
2010-08-01,24.9,8.1,16.5,30,,1,1
2010-08-02,25.2,12.4,18.8,30,,1,0.2
2010-08-03,26.1,18.5,22.3,30,,1,3.3
2010-08-04,28.6,16.1,22.4,30,,1,0.2
2010-08-05,27,14.6,20.8,30,,1,0.7
2010-08-06,19.2,8.9,14.1,30,,1,0
2010-08-07,21.6,3.6,12.6,30,,1,0.4
2010-08-08,21,10.2,15.6,30,,1,7.4
2010-08-09,27.7,15.3,21.5,30,,1,0.3
2010-08-10,29.1,14.4,21.8,30,,1,1.5
2010-08-11,28,14.3,21.2,30,,1,0.3
2010-08-12,26.1,12.1,19.1,30,,1,0
2010-08-13,27.1,9.2,18.2,30,,1,1
2010-08-14,24.9,13.4,19.2,30,,1,1.1
2010-08-15,23,16,19.5,30,,1,20.6
2010-08-16,23.3,11.8,17.6,32,,1,0.7
2010-08-17,23.2,8.9,16.1,33,,1,0.3
2010-08-18,23.7,5.9,14.8,30,,1,0
2010-08-19,21.2,7.9,14.6,30,,1,4.2
2010-08-20,21.8,6.9,14.4,30,,2,0.7
2010-08-21,16.2,11.6,13.9,30,,2,36.6
2010-08-22,17.1,14.5,15.8,30,,2,16.4
2010-08-23,22.4,11.2,16.8,30,,2,0.7
2010-08-24,22.7,8.7,15.7,30,,2,0.7
2010-08-25,23.7,10.2,17,30,,3,1.1
2010-08-26,17.9,5.5,11.7,30,,3,0.6
2010-08-27,21.6,4.9,13.3,30,,3,0.5
2010-08-28,27.4,7.7,17.6,30,,3,0.2
2010-08-29,28.1,11,19.6,30,,3,0.7
2010-08-30,31.3,10.1,20.7,30,,3,1.1
2010-08-31,30.5,14.4,22.5,30,,3,0.8
2010-09-01,30.3,15.9,23.1,30,,4,5.1
2010-09-02,24.4,18.8,21.6,30,,4,11
2010-09-03,24.7,12.7,18.7,30,,4,6.7
2010-09-04,14,5.8,9.9,37,,4,1.5
2010-09-05,14.8,4,9.4,32,,4,0.4
2010-09-06,16.4,2.7,9.6,30,,4,4.1
2010-09-07,24.3,13.1,18.7,30,,4,8.4
2010-09-08,15.9,10.5,13.2,35,,4,0.2
2010-09-09,14.9,10.2,12.6,30,,4,1.6
2010-09-10,18.5,4.4,11.5,30,,4,0.4
2010-09-11,20.4,2.1,11.3,30,,5,0.5
2010-09-12,17.3,7,12.2,30,,5,2
2010-09-13,19.6,8.1,13.9,35,,5,1.8
2010-09-14,15,2.2,8.6,30,,5,5
2010-09-15,13.2,0.3,6.8,30,,5,0.7
2010-09-16,9.8,4.7,7.3,30,,5,15.5
2010-09-17,15.6,2,8.8,30,,5,0.9
2010-09-18,17.4,1.2,9.3,30,,5,1.6
2010-09-19,16.2,1.4,8.8,30,,5,1.1
2010-09-20,16,0,8,30,,5,0.9
2010-09-21,20.2,-0.1,10.1,30,,6,16.5
2010-09-22,19.3,6.8,13.1,,,6,0.2
2010-09-23,13.3,4.4,8.9,,,6,16.3
2010-09-24,26.3,9.2,17.8,,,6,3.8
2010-09-25,15.6,6.5,11.1,,,6,1.2
2010-09-26,12.4,5.9,9.2,,,6,0.6
2010-09-27,14.5,7.4,11,,,6,9.1
2010-09-28,14.5,10.2,12.4,,,6,12.8
2010-09-29,14.6,6.3,10.5,,,6,0.7
2010-09-30,,6.3,,,,6,
2010-10-01,11.5,0.1,5.8,,,7,0
2010-10-02,9.7,-1.1,4.3,,,7,0
2010-10-03,8.7,-2.4,3.2,,,7,0
2010-10-04,13.4,-3.8,4.8,,,7,0.2
2010-10-05,17.8,-1.5,8.2,,,7,0
2010-10-06,14.5,2.8,8.7,,,7,1.9
2010-10-07,15.6,2.7,9.2,,,7,0.2
2010-10-08,21.1,2.3,11.7,,,7,0
2010-10-09,11.9,0.4,6.2,,,7,0.2
2010-10-10,18,-4,7,,,7,0.2
2010-10-11,10.8,-1.5,4.7,,,1,0
2010-10-12,10.9,-2.6,4.2,,,1,0
2010-10-13,11.1,-3.5,3.8,,,1,0.4
2010-10-14,7.5,4.3,5.9,,,1,14.8
2010-10-15,8.3,4,6.2,,,1,0.3
2010-10-16,11.9,0.6,6.3,,,1,0.3
2010-10-17,12.4,0.6,6.5,,,1,0.2
2010-10-18,8.6,-3.1,2.8,,,1,0
2010-10-19,10.8,-3.7,3.6,,,1,0
2010-10-20,12.4,-2.1,5.2,,,1,5.7
2010-10-21,4.1,0.3,2.2,,,1,0.4
2010-10-22,4.6,-3.3,0.7,,,1,1.5
2010-10-23,10,0.2,5.1,,,1,2.2
2010-10-24,3.3,1.6,2.5,,,1,12.4
2010-10-25,13.8,3,8.4,,,1,7.5
2010-10-26,16.9,11.4,14.2,,,1,8.1
2010-10-27,16.8,9.8,13.3,,,1,0.2
2010-10-28,11.8,4.3,8.1,,,1,1.2
2010-10-29,4.3,-1.5,1.4,,,1,1
2010-10-30,2.2,-1.5,0.4,,,1,13
2010-10-31,-0.4,,,,,1,2.2
2010-11-01,1.8,-6.4,-2.3,,,1,0.4
2010-11-02,4.5,-8.9,-2.2,,,1,0
2010-11-03,6,-8.5,-1.3,,,1,0
2010-11-04,7,-0.2,3.4,,,1,2.2
2010-11-05,1,0,0.5,,,1,7.1
2010-11-06,-0.8,,,,,1,0.7
2010-11-07,3.4,-8.4,-2.5,,,1,0
2010-11-08,7.1,-1,3.1,,,1,0
2010-11-09,9.6,-4,2.8,,,1,0
2010-11-10,9.1,-6.7,1.2,,,1,25.9
2010-11-11,11,-5.4,2.8,,,1,0.2
2010-11-12,14,-5.9,4.1,,,1,0.4
2010-11-13,11.5,0.7,6.1,,,1,0.4
2010-11-14,10.1,0.9,5.5,,,1,0.3
2010-11-15,7.4,0.1,3.8,,,1,0.2
2010-11-16,9.7,-3.1,3.3,,,1,6.6
2010-11-17,4.7,1.2,3,,,1,12.4
2010-11-18,2.8,-0.2,1.3,,,1,0.2
2010-11-19,1.5,-5.6,-2.1,,,1,0.2
2010-11-20,3.1,-0.9,1.1,,,1,0.3
2010-11-21,-1.5,,,,,1,0.9
2010-11-22,10.8,-1.5,4.7,,,1,5.8
2010-11-23,12.1,4.2,8.2,,,1,11.1
2010-11-24,-1.1,,,,,1,0.3
2010-11-25,0.2,,,,,1,0.9
2010-11-26,0.8,,,,,1,15.9
2010-11-27,-2.9,,,,,1,5.9
2010-11-28,0.9,-11.5,-5.3,,,1,1.2
2010-11-29,2.2,-10.3,-4.1,,,1,0.2
2010-11-30,9,-5.4,1.8,,,1,10.6
2011-08-01,28.6,13.4,21,30,9,1,0
2011-08-02,27.3,10.4,18.9,30,8,1,0
2011-08-03,21.2,10.8,16,30,8,1,4.4
2011-08-04,27.3,8.7,18,30,8,1,0
2011-08-05,29.2,11.2,20.2,30,8,1,0
2011-08-06,28.8,14.3,21.6,30,8,1,0
2011-08-07,26.1,15.9,21,30,8,1,1
2011-08-08,25,10.4,17.7,30,8,1,0
2011-08-09,21.4,10,15.7,30,7,1,0
2011-08-10,21.3,11.1,16.2,30,8,1,8
2011-08-11,19.8,9.1,14.5,30,8,1,0
2011-08-12,26.4,6.8,16.6,30,7,1,0
2011-08-13,25.3,10.2,17.8,30,8,1,2
2011-08-14,21.3,14.2,17.8,30,8,1,1.4
2011-08-15,26.2,10.1,18.2,30,7,1,0
2011-08-16,25.9,7.6,16.8,30,7,1,0
2011-08-17,26.5,6,16.3,30,7,1,0.7
2011-08-18,26.4,10.5,18.5,30,8,1,0.8
2011-08-19,26.7,7.6,17.2,30,7,1,0
2011-08-20,22.6,11.1,16.9,30,8,2,11.2
2011-08-21,20.7,10.6,15.7,30,8,2,5.5
2011-08-22,19.8,8.2,14,30,7,2,1.3
2011-08-23,22.8,6.5,14.7,32,7,2,0
2011-08-24,21.7,15.4,18.6,32,6,2,0.8
2011-08-25,23.4,10,16.7,30,7,3,0.6
2011-08-26,23.9,5.8,14.9,30,6,3,0
2011-08-27,24.3,9.8,17.1,30,6,3,0
2011-08-28,17.3,8,12.7,32,6,3,0
2011-08-29,22.5,4.2,13.4,30,6,3,0
2011-08-30,25.4,10.3,17.9,30,5,3,0
2011-08-31,22.9,9.6,16.3,30,5,3,0
2011-09-01,23.8,12.6,18.2,30,6,4,0
2011-09-02,28.7,12.8,20.8,30,6,4,0
2011-09-03,27.2,17.4,22.3,30,6,4,0.7
2011-09-04,24.2,14.6,19.4,33,7,4,8.7
2011-09-05,15.8,9,12.4,30,7,4,0.2
2011-09-06,17,5.8,11.4,30,6,4,0
2011-09-07,18.2,5.1,11.7,30,7,4,0
2011-09-08,20.3,6.5,13.4,30,6,4,0
2011-09-09,25.5,6.9,16.2,30,6,4,0
2011-09-10,21.7,5.1,13.4,30,6,4,0
2011-09-11,25.5,3.2,14.4,30,5,5,0
2011-09-12,26.9,9.4,18.2,30,5,5,1.1
2011-09-13,20.6,9.8,15.2,30,5,5,2.2
2011-09-14,18.8,7.4,13.1,30,5,5,0
2011-09-15,10.7,0.1,5.4,30,5,5,0
2011-09-16,13.6,-3.5,5.1,30,4,5,0
2011-09-17,17.1,-2.6,7.3,30,5,5,0
2011-09-18,19.7,-2.4,8.7,30,5,5,0
2011-09-19,18.5,-0.7,8.9,35,5,5,3.6
2011-09-20,20.6,4.2,12.4,30,5,5,0
2011-09-21,22.4,2.6,12.5,30,5,6,6.9
2011-09-22,20,6.7,13.4,30,5,6,0.6
2011-09-23,18.2,7.1,12.7,30,5,6,7.2
2011-09-24,18.2,7.9,13.1,30,5,6,2.5
2011-09-25,22.8,4.9,13.9,30,5,6,0
2011-09-26,24.3,6.4,15.4,30,4,6,0
2011-09-27,23.1,9.3,16.2,30,4,6,19.4
2011-09-28,21.8,13.9,17.9,30,4,6,5.5
2011-09-29,17.5,8.3,12.9,30,4,6,0.2
2011-09-30,11.4,3.8,7.6,30,4,6,7.8
2011-10-01,8,1.5,4.8,35,4,7,0.2
2011-10-02,10.3,1.4,5.9,30,4,7,2.9
2011-10-03,11.2,9.6,10.4,30,4,7,3.9
2011-10-04,,6,,30,4,7,1.8
2011-10-05,14.2,2.2,8.2,30,3,7,1.4
2011-10-06,17.4,-4,6.7,30,3,7,3
2011-10-07,23.8,-0.1,11.9,30,3,7,3.1
2011-10-08,25.7,3.1,14.4,30,3,7,2.5
2011-10-09,25.9,4.4,15.2,30,3,7,2.4
2011-10-10,25.1,5.7,15.4,30,3,7,4.1
2011-10-11,23.7,3.9,13.8,30,3,1,3.1
2011-10-12,15.5,6.4,11,30,3,1,4.6
2011-10-13,13.4,10.5,12,30,3,1,3.3
2011-10-14,17.8,9,13.4,30,3,1,25.6
2011-10-15,9.2,5.3,7.3,37,3,1,13.2
2011-10-16,11.3,1.1,6.2,37,2,1,5.2
2011-10-17,6,-0.3,2.9,30,3,1,5.5
2011-10-18,11,2.5,6.8,30,3,1,0.5
2011-10-19,8.2,2.9,5.6,32,3,1,1.2
2011-10-20,11.1,6.4,8.8,33,2,1,24.9
2011-10-21,7.7,4.3,6,30,2,1,4.7
2011-10-22,9.1,2.5,5.8,30,2,1,1.1
2011-10-23,12.3,-1.8,5.3,30,2,1,5.3
2011-10-24,9.5,3.3,6.4,33,3,1,6
2011-10-25,7.6,1,4.3,30,2,1,2.3
2011-10-26,4,1,2.5,30,3,1,0.5
2011-10-27,2.5,-3.3,-0.4,30,3,1,1.1
2011-10-28,6.5,-7.8,-0.7,30,2,1,5.1
2011-10-29,5.8,-4.9,0.5,30,2,1,6.2
2011-10-30,7.2,-4.7,1.3,30,2,1,5.2
2011-10-31,9.2,-2.3,3.5,30,2,1,2.9
2011-11-01,7.8,-4,1.9,30,2,1,0.2
2011-11-02,16.3,0.5,8.4,30,2,1,0
2011-11-03,10.3,4.1,7.2,30,2,1,1.3
2011-11-04,4.6,-6.1,-0.8,30,2,1,0.2
2011-11-05,7.5,-8.4,-0.5,30,2,1,0
2011-11-06,13.1,-7.9,2.6,30,1,1,0
2011-11-07,15.3,2.1,8.7,37,1,1,0
2011-11-08,7.1,-3.6,1.8,30,2,1,1.6
2011-11-09,11.9,4.5,8.2,30,1,1,2.7
2011-11-10,11.1,3.8,7.5,41,1,1,1.1
2011-11-11,0.7,,,30,1,1,0.2
2011-11-12,6.5,-1.6,2.5,30,1,1,0
2011-11-13,11.9,-3.6,4.2,30,1,1,4.8
2011-11-14,11.6,2.1,6.9,33,1,1,0.7
2011-11-15,10.7,-1.4,4.7,32,1,1,0
2011-11-16,9.4,-2.9,3.3,33,1,1,0
2011-11-17,2.4,-2.3,0.1,30,1,1,0.5
2011-11-18,2.1,-8.4,-3.2,30,1,1,0.2
2011-11-19,7.4,-1,3.2,30,1,1,0.8
2011-11-20,8.1,0.2,4.2,30,1,1,5
2011-11-21,-0.1,,,30,1,1,0.2
2011-11-22,-0.6,,,30,1,1,0
2011-11-23,4.4,-3.1,0.7,30,1,1,0
2011-11-24,7.3,-3.6,1.9,30,1,1,0
2011-11-25,10.9,1.8,6.4,32,1,1,0
2011-11-26,9,1.9,5.5,30,1,1,0
2011-11-27,10.3,4.9,7.6,30,1,1,8
2011-11-28,4.9,-1.1,1.9,30,1,1,0.2
2011-11-29,1.1,-1.1,0,30,1,1,35.7
2011-11-30,0.4,-1,-0.3,30,1,1,19.5
2012-08-01,25.4,13.3,19.4,30,8,1,4
2012-08-02,25.9,11.2,18.6,30,8,1,0
2012-08-03,27.3,14.3,20.8,30,8,1,0
2012-08-04,32.9,14,23.5,32,8,1,4.8
2012-08-05,24.5,12.8,18.7,33,8,1,16
2012-08-06,25.2,10.2,17.7,30,8,1,0
2012-08-07,24.7,9,16.9,30,7,1,0
2012-08-08,26.9,9.7,18.3,30,8,1,0
2012-08-09,16.6,13.3,15,30,7,1,11.4
2012-08-10,,,,,6,1,
2012-08-11,,,,,8,1,
2012-08-12,,,,,8,1,
2012-08-13,24.5,13.8,19.2,30,7,1,
2012-08-14,19.9,11.9,15.9,30,7,1,3.4
2012-08-15,22.1,10.4,16.3,30,7,1,2.1
2012-08-16,25.3,9.8,17.6,30,7,1,0.2
2012-08-17,20.4,11.4,15.9,35,8,1,5.1
2012-08-18,20.6,6.2,13.4,30,7,1,0
2012-08-19,21.2,6,13.6,30,7,1,1.4
2012-08-20,20.2,3.2,11.7,30,7,1,0
2012-08-21,21.6,6.7,14.2,30,7,1,0
2012-08-22,24.7,4.6,14.7,32,7,1,0
2012-08-23,26.6,10.8,18.7,30,6,2,0
2012-08-24,26.8,9.2,18,30,7,2,0
2012-08-25,30.2,11.1,20.7,30,7,2,0
2012-08-26,29.1,11,20.1,30,7,2,0
2012-08-27,22.6,14.4,18.5,30,7,2,1
2012-08-28,20.2,4.5,12.4,30,7,3,0
2012-08-29,22.8,2.8,12.8,30,6,3,0
2012-08-30,27.3,8.7,18,32,6,3,0
2012-08-31,27.3,12,19.7,30,7,3,0.3
2012-09-01,25,8.6,16.8,30,6,3,0
2012-09-02,23.9,9,16.5,30,6,3,0
2012-09-03,27.9,6.7,17.3,30,6,3,0
2012-09-04,21.7,15.6,18.7,30,6,4,14.4
2012-09-05,24.5,16,20.3,30,5,4,0
2012-09-06,23.9,10.5,17.2,30,5,4,5.5
2012-09-07,22.9,8.3,15.6,30,6,4,7.5
2012-09-08,16.8,4.8,10.8,32,6,4,33.1
2012-09-09,16.6,3.4,10,30,6,4,0
2012-09-10,16.9,1.8,9.4,30,5,4,0
2012-09-11,22.9,1.2,12.1,30,5,4,0
2012-09-12,25.9,7.8,16.9,30,5,4,0
2012-09-13,26.6,8.6,17.6,30,5,4,0
2012-09-14,15.3,9.3,12.3,30,5,5,16.9
2012-09-15,14.2,1.2,7.7,30,5,5,0.7
2012-09-16,18.8,-0.3,9.3,30,5,5,0
2012-09-17,22.4,5.3,13.9,33,5,5,0
2012-09-18,16.7,4.2,10.5,30,4,5,10.4
2012-09-19,12.6,2.3,7.5,30,4,5,0
2012-09-20,15.8,5.3,10.6,30,4,5,0.5
2012-09-21,17.5,4.8,11.2,30,4,5,0
2012-09-22,15.3,3.8,9.6,30,5,5,11.6
2012-09-23,11.3,1.6,6.5,30,4,5,0
2012-09-24,12.2,-1,5.6,32,4,6,0.9
2012-09-25,17.5,4.9,11.2,30,4,6,0
2012-09-26,16,1.8,8.9,30,4,6,0
2012-09-27,14.5,-0.6,7,30,4,6,0
2012-09-28,16.4,-1.8,7.3,30,4,6,0
2012-09-29,13.5,0.4,7,30,4,6,1.3
2012-09-30,10.1,0.4,5.3,30,4,6,0.4
2012-10-01,19.3,4.1,11.7,30,4,6,0
2012-10-02,17.5,2.8,10.2,30,4,6,0
2012-10-03,,,,30,4,6,1.6
2012-10-04,19.8,9,14.4,30,3,7,0.8
2012-10-05,16.9,7.8,12.4,32,4,7,1.4
2012-10-06,10.1,0.6,5.4,30,4,7,1.8
2012-10-07,8.3,-3,2.7,30,3,7,0.5
2012-10-08,11.1,-4.5,3.3,30,3,7,0.7
2012-10-09,12.5,-3.5,4.5,30,3,7,0.9
2012-10-10,9.4,0.5,5,33,3,7,5
2012-10-11,6.1,-0.8,2.7,30,3,7,6.3
2012-10-12,5.8,-1.8,2,30,3,7,0.8
2012-10-13,6.8,-4.9,1,30,3,7,15.8
2012-10-14,16,3.3,9.7,32,3,1,27.5
2012-10-15,15.6,1.9,8.8,39,3,1,0.3
2012-10-16,7.4,-1.7,2.9,30,3,1,0.4
2012-10-17,14.2,1.1,7.7,30,3,1,1.3
2012-10-18,16.2,2.7,9.5,32,3,1,1
2012-10-19,13.3,4.6,9,30,3,1,2.3
2012-10-20,10.2,6.3,8.3,30,3,1,
2012-10-21,10.4,5.3,7.9,30,3,1,0
2012-10-22,15.3,0.3,7.8,30,3,1,1.3
2012-10-23,7.9,-1,3.5,30,2,1,0.7
2012-10-24,9.7,2.1,5.9,30,2,1,0.8
2012-10-25,22.6,7.3,15,30,3,1,0.2
2012-10-26,15.7,5.9,10.8,30,2,1,0
2012-10-27,5.9,0.4,3.2,30,2,1,22.7
2012-10-28,2.9,1.3,2.1,30,2,1,12.7
2012-10-29,3.1,1.3,2.2,41,2,1,9.4
2012-10-30,13.5,2.8,8.2,33,2,1,8.1
2012-10-31,9.9,4.8,7.4,30,2,1,6.1
2012-11-01,5.1,0,2.6,30,2,1,9.2
2012-11-02,1.2,-0.6,0.3,30,2,1,3
2012-11-03,1.7,-1.2,0.3,30,2,1,1.9
2012-11-04,-0.1,,,30,2,1,0.2
2012-11-05,-0.7,,,30,2,1,0.2
2012-11-06,1.1,,,30,2,1,0.5
2012-11-07,1.7,-11.2,-4.8,30,2,1,1.9
2012-11-08,4.2,-11.8,-3.8,30,1,1,1.3
2012-11-09,4.6,-2.3,1.2,30,1,1,0.4
2012-11-10,3.1,-1.1,1,30,1,1,1.4
2012-11-11,14.4,0.4,7.4,30,1,1,4.5
2012-11-12,16,-0.8,7.6,35,1,1,13.5
2012-11-13,2.9,-2.1,0.4,30,1,1,1.7
2012-11-14,4.5,-5.1,-0.3,30,1,1,1.4
2012-11-15,4.3,-4.2,0.1,30,1,1,0.8
2012-11-16,2,-7.7,-2.9,30,1,1,0.9
2012-11-17,5.5,-1,2.3,30,1,1,1.3
2012-11-18,4.8,-6.7,-1,30,1,1,1.5
2012-11-19,7.7,-6.3,0.7,30,1,1,1.5
2012-11-20,9.8,-4.2,2.8,30,1,1,2.2
2012-11-21,10.3,-4.8,2.8,30,1,1,0.7
2012-11-22,14.3,-3.5,5.4,30,1,1,2.5
2012-11-23,8.4,5.4,6.9,35,1,1,2.2
2012-11-24,-1,,,30,1,1,3.3
2012-11-25,-1.5,,,30,1,1,2.1
2012-11-26,-3.4,,,30,1,1,1.5
2012-11-27,-1.5,,,30,1,1,2.3
2012-11-28,-0.6,,,30,1,1,0.9
2012-11-29,-1.2,,,30,1,1,1.3
2012-11-30,-8.6,,,30,1,1,1.7
2013-08-01,22.4,12.3,17.4,30,6,1,12.6
2013-08-02,23,10.6,16.8,32,6,1,1.3
2013-08-03,22.2,11.2,16.7,30,7,1,0.6
2013-08-04,19.3,5.5,12.4,,8,1,0
2013-08-05,22.1,3.9,13,,8,1,0.2
2013-08-06,23.7,8.1,15.9,,7,1,0
2013-08-07,21.1,13.4,17.3,,8,1,6.2
2013-08-08,24.3,11.6,18,,7,1,
2013-08-09,25.1,9.2,17.2,,7,1,0.2
2013-08-10,21.2,7,14.1,,8,1,0
2013-08-11,23.1,6,14.6,,8,1,0
2013-08-12,23.7,7.2,15.5,,7,1,0
2013-08-13,22.7,11.6,17.2,,6,1,0
2013-08-14,19.2,8.8,14,,6,1,0
2013-08-15,21.7,7.3,14.5,,6,1,0
2013-08-16,23,7.7,15.4,,7,1,0
2013-08-17,25.8,5.1,15.5,,7,1,0
2013-08-18,27,6.2,16.6,,7,1,0
2013-08-19,27.2,9.4,18.3,,7,2,0.2
2013-08-20,28,11.1,19.6,30,6,2,0
2013-08-21,29.3,12.6,21,30,6,2,0
2013-08-22,26.4,10.3,18.4,30,7,2,1.2
2013-08-23,21.4,5.6,13.5,30,7,2,0
2013-08-24,24.1,3,13.6,30,7,3,0
2013-08-25,23.2,6.7,15,30,7,3,1.8
2013-08-26,22.1,16.8,19.5,30,7,3,6.1
2013-08-27,27.1,16.3,21.7,30,7,3,0.5
2013-08-28,28,13.6,20.8,30,7,3,0
2013-08-29,29.1,10.8,20,30,7,3,
2013-08-30,23.7,13.1,18.4,30,7,3,29.1
2013-08-31,20.4,11.6,16,30,7,4,0
2013-09-01,25.2,10.4,17.8,30,6,4,0
2013-09-02,21.7,13.5,17.6,30,5,4,1
2013-09-03,17.6,9.8,13.7,30,5,4,0.2
2013-09-04,17.9,5.4,11.7,30,5,4,1.8
2013-09-05,14.9,1.1,8,30,5,4,0.2
2013-09-06,20.1,-0.3,9.9,32,5,4,0
2013-09-07,17.2,12.5,14.9,30,5,4,0.3
2013-09-08,16,2.2,9.1,30,5,4,0.2
2013-09-09,20.8,1.5,11.2,30,4,4,1.1
2013-09-10,27,12.4,19.7,30,5,5,12.9
2013-09-11,24,12.8,18.4,30,5,5,
2013-09-12,21.5,8.2,14.9,30,5,5,1.4
2013-09-13,8.9,3.6,6.3,30,5,5,0.2
2013-09-14,16.3,1.6,9,30,5,5,0.2
2013-09-15,15.2,4.5,9.9,30,4,5,14.5
2013-09-16,10,2.6,6.3,30,4,5,0.2
2013-09-17,16.8,-1.8,7.5,30,5,5,0.2
2013-09-18,21.4,-0.7,10.4,30,6,5,0
2013-09-19,23.9,4.4,14.2,30,5,5,0
2013-09-20,23.4,12.1,17.8,30,5,6,23.5
2013-09-21,18.2,6.8,12.5,30,5,6,34.6
2013-09-22,9.9,0.8,5.4,30,5,6,0.4
2013-09-23,11.7,-0.6,5.6,30,5,6,0.2
2013-09-24,17.5,-1.6,8,30,4,6,0
2013-09-25,21,-1.2,9.9,30,4,6,0
2013-09-26,21.6,0.7,11.2,30,5,6,0
2013-09-27,22.3,2.6,12.5,30,5,6,0
2013-09-28,21.2,3.5,12.4,30,5,6,0
2013-09-29,22.4,4.7,13.6,30,5,6,0
2013-09-30,17.7,10.9,14.3,30,4,7,1.7
2013-10-01,20.9,8.7,14.8,30,4,7,0.2
2013-10-02,21.8,4.7,13.3,32,4,7,0
2013-10-03,21.6,2.6,12.1,30,4,7,0
2013-10-04,13.1,10.2,11.7,30,4,7,0.6
2013-10-05,15.6,10.1,12.9,30,4,7,0
2013-10-06,16.4,7.4,11.9,30,4,7,32.2
2013-10-07,17.9,1.8,9.9,35,3,7,19.7
2013-10-08,14.2,-0.6,6.8,30,3,7,0.4
2013-10-09,19.2,-1.3,9,30,3,7,0
2013-10-10,21.1,-1,10.1,30,3,1,0
2013-10-11,22.4,-1.1,10.7,30,3,1,
2013-10-12,23.4,-1,11.2,30,3,1,0
2013-10-13,14.2,3.5,8.9,30,3,1,1.4
2013-10-14,15.5,5.5,10.5,30,3,1,0
2013-10-15,14.5,-2.3,6.1,30,3,1,0
2013-10-16,19.4,9.5,14.5,37,3,1,12.8
2013-10-17,13.8,7.5,10.7,30,3,1,7.4
2013-10-18,10.5,3.8,7.2,30,3,1,3.3
2013-10-19,10.1,3.6,6.9,30,3,1,5.2
2013-10-20,10.6,0.4,5.5,30,2,1,0
2013-10-21,10.3,-0.5,4.9,30,2,1,10.8
2013-10-22,5.5,0.8,3.2,30,2,1,6.6
2013-10-23,3.7,-1.4,1.2,30,2,1,0.3
2013-10-24,3.9,-4.4,-0.3,30,2,1,0.7
2013-10-25,5.8,-1.1,2.4,30,2,1,0.2
2013-10-26,3.1,0.4,1.8,30,2,1,9.9
2013-10-27,5.3,-0.4,2.5,30,2,1,0.2
2013-10-28,,-2,,,2,1,1
2013-10-29,,,,30,2,1,0.2
2013-10-30,3.9,-2.6,0.7,30,2,1,0
2013-10-31,13.5,1.3,7.4,30,2,1,21
2013-11-01,14,2.6,8.3,48,2,1,14.7
2013-11-02,2.6,-0.1,1.3,30,2,1,1
2013-11-03,2,,,30,2,1,0.2
2013-11-04,3.2,-10.6,-3.7,30,2,1,0
2013-11-05,,,,30,2,1,
2013-11-06,11,1.3,6.2,35,2,1,14.9
2013-11-07,6.8,-0.5,3.2,30,2,1,1.9
2013-11-08,0.1,,,30,2,1,0.2
2013-11-09,0.8,-4.2,-1.7,30,2,1,5.7
2013-11-10,3,-0.3,1.4,43,2,1,3.4
2013-11-11,1.3,-3.2,-1,33,1,1,3
2013-11-12,-5.9,,,30,2,1,0.4
2013-11-13,-0.3,,,37,2,1,0.2
2013-11-14,4.5,-1.7,1.4,30,2,1,0
2013-11-15,4.2,-3,0.6,30,2,1,0
2013-11-16,10.2,-4.4,2.9,30,1,1,0
2013-11-17,12,6.5,9.3,35,1,1,8.1
2013-11-18,10.5,2.6,6.6,50,1,1,5.1
2013-11-19,-2.8,,,30,1,1,0.4
2013-11-20,1.3,,,30,1,1,0
2013-11-21,2.9,-7.8,-2.5,30,1,1,0
2013-11-22,3.2,0.3,1.8,30,1,1,6
2013-11-23,-4.5,,,30,1,1,5.7
2013-11-24,-9.6,,,30,1,1,0
2013-11-25,-1.9,,,33,1,1,0.9
2013-11-26,0.1,,,30,1,1,2.2
2013-11-27,-1.3,,,30,1,1,4
2013-11-28,-7.8,,,30,1,1,0
2013-11-29,-7,,,30,1,1,0.4
2013-11-30,-2.9,,,30,1,1,2.1
2014-08-01,25.7,9,17.4,30,7,1,0
2014-08-02,26.5,10.4,18.5,30,7,1,0
2014-08-03,26.6,9.1,17.9,30,7,1,0.8
2014-08-04,26.4,12,19.2,30,7,1,1
2014-08-05,23.6,8.1,15.9,30,7,1,0
2014-08-06,23.3,5.3,14.3,30,8,1,0.2
2014-08-07,22.3,8.8,15.6,30,8,1,0
2014-08-08,23.8,6.8,15.3,30,8,1,0
2014-08-09,26.7,6.5,16.6,30,8,1,0
2014-08-10,28.6,9.2,18.9,30,8,1,0.6
2014-08-11,27.7,9.8,18.8,30,8,1,0.7
2014-08-12,21.2,16.5,18.9,30,6,1,16.8
2014-08-13,17.4,8.3,12.9,30,7,1,2.7
2014-08-14,11.9,8.1,10,30,8,1,2
2014-08-15,15.5,8.5,12,30,7,1,0.7
2014-08-16,15.5,10.9,13.2,30,6,1,13.3
2014-08-17,17.5,10.4,14,30,6,1,0
2014-08-18,20.6,6.2,13.4,30,6,1,0
2014-08-19,23.6,4.4,14,30,6,1,0
2014-08-20,19.4,11.9,15.7,30,6,2,3.9
2014-08-21,20.6,16.7,18.7,30,6,2,12.3
2014-08-22,19.9,15.3,17.6,30,5,2,0
2014-08-23,22.5,15.3,18.9,30,6,2,
2014-08-24,25.9,8.5,17.2,30,5,2,0
2014-08-25,26.6,10.1,18.4,30,6,3,1
2014-08-26,27.4,12.8,20.1,30,7,3,0
2014-08-27,20.4,10.1,15.3,30,7,3,0.7
2014-08-28,20.2,6.3,13.3,30,7,3,0
2014-08-29,22.2,4.3,13.3,30,7,3,0
2014-08-30,25.1,13.7,19.4,30,7,3,25.1
2014-08-31,22.4,16.3,19.4,30,6,3,0.7
2014-09-01,25.7,16.3,21,30,6,4,0.2
2014-09-02,22.5,11.7,17.1,30,6,4,0.2
2014-09-03,24.3,9.9,17.1,30,5,4,0
2014-09-04,26.2,8.4,17.3,30,5,4,1
2014-09-05,27,14.4,20.7,30,6,4,3.4
2014-09-06,19.9,6.1,13,30,5,4,0
2014-09-07,20.9,5.3,13.1,30,5,4,0
2014-09-08,23.3,5.5,14.4,30,5,4,0
2014-09-09,20.4,8.5,14.5,30,5,4,0
2014-09-10,20.1,9.3,14.7,39,5,4,18.5
2014-09-11,20.4,2.9,11.7,41,5,5,1.4
2014-09-12,11.3,0.3,5.8,30,5,5,0.2
2014-09-13,7.9,4.7,6.3,30,5,5,6.6
2014-09-14,13.2,1.2,7.2,30,5,5,0.4
2014-09-15,13.6,3.7,8.7,30,5,5,2.7
2014-09-16,15.7,3.2,9.5,30,5,5,0
2014-09-17,16.7,3,9.9,30,5,5,7.7
2014-09-18,8.9,-2.1,3.4,30,4,5,0.6
2014-09-19,13.3,-3.8,4.8,30,5,5,0
2014-09-20,18.1,6.1,12.1,32,5,5,13.3
2014-09-21,17,6.1,11.6,30,4,6,9.5
2014-09-22,10.5,2.8,6.7,30,4,6,0.5
2014-09-23,15,8.6,11.8,30,4,6,2.4
2014-09-24,21.9,6.3,14.1,30,5,6,0
2014-09-25,23.3,4.3,13.8,30,4,6,0.7
2014-09-26,24.5,5.1,14.8,30,4,6,0
2014-09-27,25.8,6,15.9,30,4,6,0.7
2014-09-28,24.8,6.9,15.9,30,3,6,0
2014-09-29,22.3,8.5,15.4,30,3,6,0
2014-09-30,13.7,11,12.4,30,3,6,0
2014-10-01,16.9,8.1,12.5,30,4,7,0
2014-10-02,17.3,8.3,12.8,30,4,7,0.2
2014-10-03,19.1,10.4,14.8,35,3,7,8.6
2014-10-04,13,3.3,8.2,30,3,7,8.5
2014-10-05,8.1,2.7,5.4,30,3,7,2.7
2014-10-06,12.4,4.1,8.3,30,3,7,1.6
2014-10-07,16.4,7.9,12.2,30,3,7,1.9
2014-10-08,10.7,0.7,5.7,37,3,7,1.3
2014-10-09,10.5,-0.5,5,33,3,7,2.7
2014-10-10,10.1,-1.2,4.5,30,3,7,0.2
2014-10-11,10.5,-2.5,4,30,3,1,0
2014-10-12,12.2,-2.5,4.9,30,3,1,0
2014-10-13,13.9,-3.2,5.4,30,3,1,2.5
2014-10-14,22.9,13.5,18.2,32,3,1,1.4
2014-10-15,18.3,14,16.2,30,4,1,14
2014-10-16,19.2,11.3,15.3,30,4,1,5.5
2014-10-17,12.9,10.4,11.7,30,3,1,3.5
2014-10-18,11.1,0.2,5.7,32,3,1,4.7
2014-10-19,3.6,-1.8,0.9,30,3,1,0.7
2014-10-20,6,-0.9,2.6,30,3,1,1.6
2014-10-21,5.7,1.7,3.7,30,2,1,1.6
2014-10-22,11,-1.8,4.6,30,2,1,0.2
2014-10-23,13.2,-2.4,5.4,30,2,1,0
2014-10-24,14.8,-4.2,5.3,30,3,1,0
2014-10-25,12.3,-0.7,5.8,30,2,1,1.8
2014-10-26,7,3.9,5.5,37,2,1,0.7
2014-10-27,9.4,2.6,6,30,2,1,6.6
2014-10-28,15.3,4.5,9.9,41,2,1,6.2
2014-10-29,7.7,0.8,4.3,30,2,1,2.1
2014-10-30,4.9,-1.9,1.5,30,2,1,0.6
2014-10-31,0.4,-1.8,-0.7,30,2,1,6.9
2014-11-01,0,-5.4,-2.7,30,2,1,1.6
2014-11-02,3.4,-7.3,-2,30,2,1,0.2
2014-11-03,9.4,-1.7,3.9,30,2,1,0
2014-11-04,10.6,3.3,7,30,2,1,7.1
2014-11-05,7.4,2.3,4.9,35,2,1,2.2
2014-11-06,,1.8,,30,2,1,
2014-11-07,0.4,-4.6,-2.1,30,2,1,2.2
2014-11-08,1.3,-5.5,-2.1,30,2,1,5.9
2014-11-09,1.6,-5.3,-1.9,30,1,1,2.8
2014-11-10,0.3,-3,-1.4,30,1,1,2.3
2014-11-11,6.8,-0.8,3,30,1,1,2.7
2014-11-12,7,-3.8,1.6,43,1,1,1.9
2014-11-13,0.9,-7.4,-3.3,30,1,1,0
2014-11-14,-2.8,-11.3,-7.1,30,2,1,0.2
2014-11-15,-0.5,-12.1,-6.3,30,1,1,0.8
2014-11-16,-1.8,-3.6,-2.7,30,1,1,2.8
2014-11-17,-0.8,-5.2,-3,39,1,1,5.9
2014-11-18,-5.2,-12.2,-8.7,43,1,1,14.6
2014-11-19,-6.1,-17.9,-12,30,1,1,1.5
2014-11-20,-3.8,-11.6,-7.7,37,1,1,7
2014-11-21,-6.6,-16.5,-11.6,30,1,1,0.2
2014-11-22,1.8,-7.3,-2.8,30,1,1,0
2014-11-23,5.4,0.4,2.9,30,1,1,0.4
2014-11-24,11.7,1.6,6.7,44,1,1,17.8
2014-11-25,2.3,-3.9,-0.8,37,1,1,3.5
2014-11-26,-3.8,-6.9,-5.4,30,1,1,0
2014-11-27,-4.2,-11.6,-7.9,30,1,1,0.2
2014-11-28,-6.1,-15.2,-10.7,30,1,1,0.2
2014-11-29,1.3,-12.2,-5.5,30,1,1,0
2014-11-30,8.3,-1.4,3.5,30,1,1,0
2015-08-01,23.6,9.6,16.6,30,7,1,2.2
2015-08-02,25.9,9,17.5,30,7,1,
2015-08-03,23.6,13.9,18.8,30,7,1,4.2
2015-08-04,19.9,12,16,30,7,1,1
2015-08-05,20.7,8.2,14.5,30,7,1,0.2
2015-08-06,21.3,7.7,14.5,30,7,1,0
2015-08-07,22.9,8.3,15.6,30,7,1,0
2015-08-08,,10.8,,30,7,1,
2015-08-09,25.6,6.2,15.9,30,7,1,0
2015-08-10,24.9,8.4,16.7,30,6,1,0
2015-08-11,24.7,14.5,19.6,30,6,1,1.2
2015-08-12,21.9,11.3,16.6,30,6,1,0.2
2015-08-13,25.8,10,17.9,30,6,1,0
2015-08-14,26.3,16.7,21.5,30,6,1,23.7
2015-08-15,28.6,15,21.8,30,6,1,5.8
2015-08-16,28.8,13.3,21.1,30,7,1,0
2015-08-17,30.1,16.3,23.2,30,6,1,0
2015-08-18,27.3,16.3,21.8,30,7,1,0.7
2015-08-19,27.2,18.4,22.8,30,6,1,0
2015-08-20,22.8,14,18.4,30,6,1,16.9
2015-08-21,19,9.2,14.1,30,7,1,
2015-08-22,23.5,7.4,15.5,30,7,1,0.2
2015-08-23,23.2,7.6,15.4,30,6,1,0
2015-08-24,22,12.7,17.4,30,6,1,
2015-08-25,18.8,10.2,14.5,30,6,1,2.5
2015-08-26,16.5,10.8,13.7,30,7,1,1.7
2015-08-27,18.3,7.4,12.9,30,6,1,0
2015-08-28,20.7,7.2,14,30,6,1,0
2015-08-29,20.6,9.3,15,30,7,1,0
2015-08-30,23.7,12.8,18.3,30,6,1,0
2015-08-31,24.6,14.3,19.5,30,6,1,0
2015-09-01,27.3,14.5,20.9,30,6,2,0
2015-09-02,28.8,15.6,22.2,30,6,2,25
2015-09-03,27.3,14.5,20.9,30,6,2,0
2015-09-04,25.1,9.8,17.5,30,6,2,0.2
2015-09-05,28.6,8.6,18.6,30,6,2,0
2015-09-06,28.3,16.2,22.3,30,6,3,0
2015-09-07,28.3,17.2,22.8,30,6,3,0
2015-09-08,25.8,16.5,21.2,30,6,3,19.8
2015-09-09,21.5,9.1,15.3,30,5,3,3.5
2015-09-10,23.4,6.8,15.1,,4,3,0.2
2015-09-11,21.6,11.3,16.5,,5,3,0
2015-09-12,14.6,8.9,11.8,,5,3,0
2015-09-13,11.9,9,10.5,,5,4,25
2015-09-14,,5.2,,30,5,4,
2015-09-15,26.4,6.1,16.3,30,5,4,
2015-09-16,27.4,10.3,18.9,30,5,4,0
2015-09-17,26.6,11,18.8,30,5,4,0
2015-09-18,25.8,8.4,17.1,30,5,4,2.5
2015-09-19,21.2,7.5,14.4,32,4,4,6.5
2015-09-20,18.4,2.6,10.5,30,4,4,0
2015-09-21,19.2,4,11.6,30,4,4,0
2015-09-22,21.3,1.5,11.4,30,4,4,0
2015-09-23,21.1,4.3,12.7,30,5,5,0
2015-09-24,19.9,6.7,13.3,30,5,5,0
2015-09-25,15.8,3.7,9.8,30,4,5,0
2015-09-26,20,0.8,10.4,30,4,5,0
2015-09-27,23.1,2.8,13,30,4,5,0
2015-09-28,19.5,14.8,17.2,30,4,5,0
2015-09-29,,16.7,,30,4,5,
2015-09-30,12.2,1.3,6.8,35,4,5,0
2015-10-01,11.8,0.4,6.1,30,4,5,0
2015-10-02,9.8,0.1,5,32,4,5,0
2015-10-03,10.3,2.2,6.3,41,4,6,0
2015-10-04,12.1,5.9,9,30,4,6,0
2015-10-05,13,8.3,10.7,30,4,6,0
2015-10-06,16.5,8.9,12.7,30,4,6,0
2015-10-07,16.7,-0.9,7.9,30,4,6,0
2015-10-08,11.5,-2.6,4.5,30,3,6,2.9
2015-10-09,8.3,0.9,4.6,30,3,6,10.8
2015-10-10,11.9,-1.9,5,30,4,6,0.2
2015-10-11,18.7,6.5,12.6,30,3,6,0
2015-10-12,23.1,6.1,14.6,30,3,6,0
2015-10-13,13.5,5.9,9.7,30,3,7,5
2015-10-14,9.6,-1.4,4.1,30,3,7,0.2
2015-10-15,13.7,-0.9,6.4,35,3,7,10.3
2015-10-16,7.9,-0.6,3.7,30,3,7,6.7
2015-10-17,,-1.8,,30,2,7,
2015-10-18,1,-6.5,-2.8,30,2,7,0.3
2015-10-19,10.1,-7.4,1.4,39,2,7,0
2015-10-20,15,0.3,7.7,30,2,7,0
2015-10-21,9.6,-1.9,3.9,30,2,7,3.4
2015-10-22,11.6,0.3,6,39,2,7,0
2015-10-23,7.8,-2.4,2.7,30,2,1,0
2015-10-24,11.1,-1.1,5,30,2,1,3.9
2015-10-25,11.5,-3.8,3.9,30,2,1,1
2015-10-26,8.1,-5.7,1.2,30,2,1,0.2
2015-10-27,10.1,-3.5,3.3,30,2,1,0
2015-10-28,,-2.7,,30,2,1,
2015-10-29,,7.7,,30,2,1,
2015-10-30,6.5,-4.4,1.1,30,2,1,0
2015-10-31,6.4,-5.1,0.7,30,2,1,3.5
2015-11-01,9.2,4,6.6,32,2,1,5.7
2015-11-02,10.5,4.9,7.7,30,2,1,0
2015-11-03,16.1,0.2,8.2,30,2,1,0
2015-11-04,20.1,-0.9,9.6,30,2,1,0
2015-11-05,,0.3,,30,2,1,
2015-11-06,16.3,4.5,10.4,46,2,1,3.5
2015-11-07,7.6,-2.1,2.8,30,2,1,1.1
2015-11-08,7.3,-2.7,2.3,30,2,1,0.2
2015-11-09,11.5,-4.1,3.7,30,1,1,0
2015-11-10,11.2,-5.7,2.8,30,1,1,0
2015-11-11,9.1,2,5.6,30,1,1,8.7
2015-11-12,8.1,3.7,5.9,30,1,1,14.7
2015-11-13,5.7,-3.1,1.3,30,1,1,4.5
2015-11-14,0.6,-3.8,-1.6,30,1,1,0
2015-11-15,8.5,-2.3,3.1,30,1,1,0
2015-11-16,8.7,-5.5,1.6,30,1,1,0
2015-11-17,6.3,-7.4,-0.6,30,1,1,0.2
2015-11-18,10.9,-2.5,4.2,30,1,1,0.6
2015-11-19,14.3,2.4,8.4,43,1,1,7.3
2015-11-20,3.2,-2.5,0.4,33,1,1,2.4
2015-11-21,1.6,-2.5,-0.5,30,1,1,8.6
2015-11-22,-0.5,-12.5,-6.5,30,1,1,4.1
2015-11-23,-2.4,-13.3,-7.9,30,1,1,0.2
2015-11-24,2.8,-3.3,-0.3,30,1,1,0.3
2015-11-25,1.9,-3.7,-0.9,30,1,1,0
2015-11-26,8.9,-1.1,3.9,30,1,1,8.2
2015-11-27,9.9,-5,2.5,30,1,1,13.9
2015-11-28,-0.1,-8.1,-4.1,30,1,1,0
2015-11-29,-2,-7.7,-4.9,30,1,1,0
2015-11-30,-1.2,-8.3,-4.8,30,1,1,0
2016-08-01,28.1,12.9,20.5,30,7,1,0
2016-08-02,28.8,10.1,19.5,30,8,1,0
2016-08-03,29.5,11.7,20.6,30,7,1,0
2016-08-04,31.7,14.1,22.9,30,7,1,0
2016-08-05,29.8,14.9,22.4,32,7,1,0.5
2016-08-06,25.2,14.7,20,30,8,1,0.2
2016-08-07,23.9,9.5,16.7,30,8,1,0
2016-08-08,28.3,7.3,17.8,30,7,1,0
2016-08-09,30.5,8.7,19.6,30,7,1,0
2016-08-10,31.9,12.7,22.3,30,8,1,0
2016-08-11,32.6,15.7,24.2,30,8,1,0
2016-08-12,26.3,16.9,21.6,30,8,1,13.8
2016-08-13,21.2,16.9,19.1,30,8,1,18.8
2016-08-14,20.8,11.1,16,30,7,1,1.6
2016-08-15,26.8,9.3,18.1,30,7,1,0
2016-08-16,18.6,13.6,16.1,30,7,1,61.3
2016-08-17,26,12.8,19.4,30,6,1,0
2016-08-18,26.4,12.9,19.7,30,6,1,0
2016-08-19,27.9,11.1,19.5,30,7,1,0
2016-08-20,28.2,17.1,22.7,30,7,1,0
2016-08-21,23,8.6,15.8,37,7,1,13.3
2016-08-22,20.6,6.1,13.4,30,8,1,0.2
2016-08-23,24.5,7.2,15.9,30,7,1,0
2016-08-24,26.6,9.9,18.3,30,6,1,0
2016-08-25,27.6,14.8,21.2,30,7,1,0
2016-08-26,26,12.4,19.2,30,7,1,0
2016-08-27,25.6,10.4,18,30,6,1,0.2
2016-08-28,26.2,14.9,20.6,30,6,1,0
2016-08-29,23.4,11.5,17.5,30,6,1,0
2016-08-30,21.1,10.1,15.6,30,6,2,0
2016-08-31,23.6,10.4,17,30,5,2,0.9
2016-09-01,17.7,9.3,13.5,30,5,2,0
2016-09-02,19.8,4.8,12.3,30,5,2,0
2016-09-03,23.3,2.9,13.1,30,5,2,0.2
2016-09-04,25.5,4.2,14.9,30,5,3,0
2016-09-05,25.7,5.9,15.8,30,5,3,0
2016-09-06,29.5,8.8,19.2,30,5,3,0
2016-09-07,25.8,16.6,21.2,30,5,3,0
2016-09-08,,20.4,,30,5,3,
2016-09-09,24.3,11.2,17.8,30,5,3,0.2
2016-09-10,22.3,9.1,15.7,30,5,3,12.2
2016-09-11,18.3,5.7,12,35,5,4,0
2016-09-12,21.8,4.2,13,30,5,4,0
2016-09-13,23.5,7.6,15.6,30,5,4,3.1
2016-09-14,17.1,4.3,10.7,30,4,4,0.8
2016-09-15,17.2,1.6,9.4,30,4,4,0
2016-09-16,21.3,2.3,11.8,30,4,4,0
2016-09-17,19.6,8.2,13.9,30,4,4,12.8
2016-09-18,23.6,11.3,17.5,30,4,4,0
2016-09-19,23.6,10.1,16.9,30,4,4,0
2016-09-20,23.1,8.8,16,32,4,4,1.8
2016-09-21,24.1,5.9,15,30,4,5,0
2016-09-22,22.5,10.1,16.3,30,4,5,1.5
2016-09-23,13,1.5,7.3,30,4,5,0
2016-09-24,15.4,-0.6,7.4,30,4,5,0.2
2016-09-25,16,-1.9,7.1,30,4,5,0
2016-09-26,12.7,3.5,8.1,30,4,5,4.2
2016-09-27,17.6,3.4,10.5,30,4,5,0.2
2016-09-28,21.8,4.2,13,30,4,5,0
2016-09-29,16.7,9.3,13,30,4,5,0
2016-09-30,17.5,6.8,12.2,30,4,5,0
2016-10-01,15.9,6.2,11.1,30,4,6,0
2016-10-02,15.7,10.5,13.1,30,4,6,5.1
2016-10-03,16.3,8.1,12.2,30,3,6,0.2
2016-10-04,17.3,5.7,11.5,30,4,6,0.2
2016-10-05,19.9,6.5,13.2,30,4,6,0
2016-10-06,23.4,7.4,15.4,30,3,6,0
2016-10-07,24.1,8.5,16.3,30,4,6,0
2016-10-08,14.3,1.1,7.7,30,3,6,5.9
2016-10-09,8.5,-2.7,2.9,30,3,6,0.9
2016-10-10,12,-3.7,4.2,30,3,6,0
2016-10-11,17.2,-2.9,7.2,30,3,7,0
2016-10-12,20.2,1.2,10.7,35,3,7,0
2016-10-13,17.4,-2.3,7.6,30,3,7,3
2016-10-14,10.5,-1.9,4.3,30,3,7,0.2
2016-10-15,17.1,-0.1,8.5,30,3,7,0
2016-10-16,17.3,7,12.2,30,3,7,6.8
2016-10-17,11.3,5.2,8.3,35,2,7,5.3
2016-10-18,19.9,7,13.5,32,2,7,2.4
2016-10-19,17.2,2.5,9.9,30,2,7,0
2016-10-20,13.1,2.4,7.8,30,2,7,2
2016-10-21,7.7,2.1,4.9,30,3,1,0.2
2016-10-22,4.4,0.2,2.3,32,3,1,0
2016-10-23,7.4,-1.5,3,35,2,1,0
2016-10-24,6.9,0.5,3.7,32,2,1,0
2016-10-25,3.3,-0.9,1.2,30,3,1,0.2
2016-10-26,2.2,-3.7,-0.8,30,2,1,0
2016-10-27,-0.5,-2.8,-1.7,33,2,1,10.3
2016-10-28,4.1,-1.3,1.4,30,2,1,3.9
2016-10-29,11.6,2.4,7,30,2,1,2.7
2016-10-30,3.8,-1.6,1.1,30,2,1,0.5
2016-10-31,4.5,-3.7,0.4,30,2,1,0
2016-11-01,11.3,-1.8,4.8,30,2,1,0
2016-11-02,13.9,2.5,8.2,30,2,1,0
2016-11-03,8.6,1.2,4.9,30,2,1,0.5
2016-11-04,7.4,-2,2.7,30,2,1,0.2
2016-11-05,13.1,1,7.1,30,2,1,0
2016-11-06,11.6,-3.5,4.1,30,2,1,0
2016-11-07,16.3,-4.7,5.8,30,2,1,0
2016-11-08,14,-2.8,5.6,30,2,1,0.6
2016-11-09,4.3,-4.3,0,30,2,1,0.2
2016-11-10,12.8,-4.1,4.4,33,2,1,1
2016-11-11,6.6,-1.5,2.6,33,1,1,0.2
2016-11-12,5.9,-5,0.5,35,1,1,0
2016-11-13,10.7,3.3,7,30,1,1,0
2016-11-14,13.1,-1.5,5.8,30,1,1,0
2016-11-15,13.1,-2.4,5.4,30,1,1,0
2016-11-16,,-2.2,,30,1,1,
2016-11-17,11.3,-2.2,4.6,30,1,1,0
2016-11-18,15.6,-2.3,6.7,30,1,1,0
2016-11-19,14,0.4,7.2,30,1,1,7.7
2016-11-20,0.7,-6.4,-2.9,39,1,1,14.6
2016-11-21,-4.6,-6.5,-5.6,37,1,1,12.2
2016-11-22,-4.1,-6.3,-5.2,33,1,1,0
2016-11-23,-2.1,-10.8,-6.5,30,1,1,0.2
2016-11-24,-2.2,-4.4,-3.3,30,1,1,7
2016-11-25,0.7,-2.3,-0.8,30,1,1,1.3
2016-11-26,0.7,-2.2,-0.8,30,1,1,0.2
2016-11-27,2.1,-10.3,-4.1,30,1,1,0
2016-11-28,2,-10.4,-4.2,30,1,1,0
2016-11-29,3.2,-1.9,0.7,30,1,1,3.4
2016-11-30,5.4,-0.5,2.5,30,1,1,22.6